alert_id,created_at,region,message,emergency_level,disaster_category,is_natural_disaster,ai_disaster_type,ai_region,ai_risk_level,dangerous_action,recommended_action,easy_summary
259247,2026/06/09 00:50:17,충청북도 진천군 ,"오늘 00:36 진천군 이월면 사곡리 가구공장 화재 사고 발생. 인근 주민은 사고지점에서 먼 곳으로 이동하시고, 차량은 우회하세요.  [진천군]",안전안내,화재,False,기타/제외,충청북도 진천군,낮음,,,이 문자는 자연재난 관련 문자가 아니므로 대피소 추천 대상에서 제외됩니다.
259248,2026/06/09 09:00:18,경상남도 거제시 ,금일 6. 9.(화) 10시부터 14시까지 투르 드 경남 국제 자전거대회 개최로 일부 구간(지세포항~망치삼거리~오망천삼거리~저구사거리~망치삼거리~거제제일고등학교) 차량 일시 정차 통제 예정. 안전요원 안내에 협조 바랍니다.[거제시],안전안내,기타,False,기타/제외,경상남도 거제시,낮음,,,이 문자는 자연재난 관련 문자가 아니므로 대피소 추천 대상에서 제외됩니다.
259257,2026/06/09 13:59:23,경상남도 하동군 ,"<주암댐방류안내>6월9일14시부터 주암댐 초당200톤이내 수문방류중 섬진강 하천수위 상승 침수위험 예상됩니다 하천주변(둔치주차장,산책로,저지대 등)에 계신 주민, 관광객들은 안전한 곳으로 대피. 특히 만조와 겹칠 때 위험성 높아지니 재난방송 귀 기울여 안전확보 바랍니다[하동군]",안전안내,붕괴,True,호우/침수,경상남도 하동군,높음,"하천변 접근, 지하차도 통행, 저지대 이동","이동 자제, 높은 곳으로 이동, 가까운 대피소 확인","경상남도 하동군에 비가 많이 와서 침수 위험이 있습니다. 하천변 접근, 지하차도 통행, 저지대 이동은 위험할 수 있으니 피하는 것이 좋습니다. 이동 자제, 높은 곳으로 이동, 가까운 대피소 확인을 실천하고 가까운 대피소를 확인하세요."
259258,2026/06/09 14:00:51,대구광역시 달성군 유가읍,"오늘 13:43경 유가읍 도의리 672-3 창고 화재 발생 인근 주민은 접근금지,안전에 유의하시기 바랍니다. [달성군]",안전안내,화재,False,기타/제외,대구광역시 달성군 유가읍,낮음,,,이 문자는 자연재난 관련 문자가 아니므로 대피소 추천 대상에서 제외됩니다.
259260,2026/06/09 17:39:08,강원특별자치도 춘천시 ,금일 후평동 일대 발생한 정전이 17시 복구 완료. 정전이 계속되는 고객께서는 고객센터(123)로 연락해주시기 바랍니다. 불편을 드려 죄송합니다. [한국전력공사],안전안내,정전,False,기타/제외,강원특별자치도 춘천시,낮음,,,이 문자는 자연재난 관련 문자가 아니므로 대피소 추천 대상에서 제외됩니다.
259249,2026/06/09 10:01:36,경상남도 산청군 ,"작은 불씨가 큰 산불로 커질 수 있습니다. 영농부산물 및 쓰레기 불법소각 금지, 실수로 산불을 내더라도 3년 이하의 징역형에 처해질 수 있습니다.  [산청군]",안전안내,산불,False,기타/제외,경상남도 산청군,낮음,,,이 문자는 자연재난 관련 문자가 아니므로 대피소 추천 대상에서 제외됩니다.
259250,2026/06/09 10:22:33,강원특별자치도 강릉시 ,"높은 파도와 이안류로 해변 안전사고 우려가 높습니다. 물놀이 구명조끼 착용, 위험구역 미출입, 야간 및 음주 후 무리한 입수 금지 등 안전에 유의하여 주시기 바랍니다. [강릉시]",안전안내,풍랑,True,태풍,강원특별자치도 강릉시,높음,"외출, 간판 주변 이동, 해안가 접근","실내 대기, 창문 주변 피하기, 안전한 장소 이동","강원특별자치도 강릉시에 태풍 위험이 있습니다. 외출을 줄이고 간판, 가로수, 해안가 주변은 피하는 것이 좋습니다. 실내 대기, 창문 주변 피하기, 안전한 장소 이동을 실천하세요."
259261,2026/06/09 18:13:44,전라남도 강진군 ,강진고 약수터~건우1차 맞은편 옹벽 긴급안전점검으로 도로 통제중입니다. 차량 우회 및 통행 금지 바랍니다. [강진군],안전안내,기타,True,산사태,전라남도 강진군,높음,"산비탈 접근, 급경사지 주변 이동, 토사 유출 지역 체류","산사태 위험지역 이탈, 안전한 실내 또는 대피소 이동, 지자체 안내 확인","전라남도 강진군에 산사태 위험이 있습니다. 산비탈, 급경사지, 토사 유출 지역은 피하는 것이 좋습니다. 산사태 위험지역 이탈, 안전한 실내 또는 대피소 이동, 지자체 안내 확인을 실천하세요."
259259,2026/06/09 15:54:35,강원특별자치도 춘천시 ,"2026-06-09 15:06~현재, 후평동 일부지역 정전 중으로 원인 파악중 입니다. 신고 123 [한국전력공사]",안전안내,정전,False,기타/제외,강원특별자치도 춘천시,낮음,,,이 문자는 자연재난 관련 문자가 아니므로 대피소 추천 대상에서 제외됩니다.
259251,2026/06/09 10:38:58,전라남도 곡성군 오곡면,"6월 9일 14시부터 주암댐 초당 최대 200톤 이내로 방류개시, 수위가 높아질 것으로 예상, 하천 주변에 계신 분은 안전한곳으로 이동해주시기 바랍니다.[곡성군]",안전안내,기타,True,호우/침수,전라남도 곡성군 오곡면,높음,"하천변 접근, 지하차도 통행, 저지대 이동","이동 자제, 높은 곳으로 이동, 가까운 대피소 확인","전라남도 곡성군 오곡면에 비가 많이 와서 침수 위험이 있습니다. 하천변 접근, 지하차도 통행, 저지대 이동은 위험할 수 있으니 피하는 것이 좋습니다. 이동 자제, 높은 곳으로 이동, 가까운 대피소 확인을 실천하고 가까운 대피소를 확인하세요."
259252,2026/06/09 10:40:14,전라남도 곡성군 죽곡면,"6월 9일 14시부터 주암댐 초당 최대 200톤 이내로 방류개시, 수위가 높아질 것으로 예상, 하천 주변에 계신 분은 안전한곳으로 이동해주시기 바랍니다.[곡성군]",안전안내,기타,True,호우/침수,전라남도 곡성군 죽곡면,높음,"하천변 접근, 지하차도 통행, 저지대 이동","이동 자제, 높은 곳으로 이동, 가까운 대피소 확인","전라남도 곡성군 죽곡면에 비가 많이 와서 침수 위험이 있습니다. 하천변 접근, 지하차도 통행, 저지대 이동은 위험할 수 있으니 피하는 것이 좋습니다. 이동 자제, 높은 곳으로 이동, 가까운 대피소 확인을 실천하고 가까운 대피소를 확인하세요."
259253,2026/06/09 10:45:43,전라남도 구례군 ,"섬진강댐 수문방류로 구례교 06-09 23:40, 06-10 00:30 급격한 하천 수위 상승이 예상됩니다. 하천주변 접근을 삼가하여 주시기 바랍니다.[구례군]",안전안내,기타,True,호우/침수,전라남도 구례군,높음,"하천변 접근, 지하차도 통행, 저지대 이동","이동 자제, 높은 곳으로 이동, 가까운 대피소 확인","전라남도 구례군에 비가 많이 와서 침수 위험이 있습니다. 하천변 접근, 지하차도 통행, 저지대 이동은 위험할 수 있으니 피하는 것이 좋습니다. 이동 자제, 높은 곳으로 이동, 가까운 대피소 확인을 실천하고 가까운 대피소를 확인하세요."
259254,2026/06/09 10:50:17,"경상남도 하동군 ,전라남도 곡성군 ,전라남도 광양시 ,전라남도 구례군 ,전라남도 순천시 ","6월 9일 14시부터 주암댐 초당 200톤 이내 방류 개시, 수위가 높아질 것으로 예상, 하천 주변에 계신 분은 안전한 곳으로 이동 [한국수자원공사]",안전안내,기타,True,호우/침수,"경상남도 하동군 ,전라남도 곡성군 ,전라남도 광양시 ,전라남도 구례군 ,전라남도 순천시",높음,"하천변 접근, 지하차도 통행, 저지대 이동","이동 자제, 높은 곳으로 이동, 가까운 대피소 확인","경상남도 하동군 ,전라남도 곡성군 ,전라남도 광양시 ,전라남도 구례군 ,전라남도 순천시에 비가 많이 와서 침수 위험이 있습니다. 하천변 접근, 지하차도 통행, 저지대 이동은 위험할 수 있으니 피하는 것이 좋습니다. 이동 자제, 높은 곳으로 이동, 가까운 대피소 확인을 실천하고 가까운 대피소를 확인하세요."
259255,2026/06/09 10:50:34,"전라남도 강진군 ,전라남도 장흥군 ","6월 9일 14시부터 장흥댐 초당 70톤 이내로 방류 개시, 수위가 높아질 것으로 예상, 하천 주변에 계신 분은 안전한 곳으로 이동 [한국수자원공사]",안전안내,기타,True,호우/침수,"전라남도 강진군 ,전라남도 장흥군",높음,"하천변 접근, 지하차도 통행, 저지대 이동","이동 자제, 높은 곳으로 이동, 가까운 대피소 확인","전라남도 강진군 ,전라남도 장흥군에 비가 많이 와서 침수 위험이 있습니다. 하천변 접근, 지하차도 통행, 저지대 이동은 위험할 수 있으니 피하는 것이 좋습니다. 이동 자제, 높은 곳으로 이동, 가까운 대피소 확인을 실천하고 가까운 대피소를 확인하세요."
259256,2026/06/09 11:57:39,전라남도 곡성군 석곡면,"6월 9일 14시부터 주암댐 초당 최대 200톤 이내로 방류개시, 수위가 높아질 것으로 예상, 하천 주변에 계신 분은 안전한곳으로 이동해주시기 바랍니다.[곡성군]",안전안내,기타,True,호우/침수,전라남도 곡성군 석곡면,높음,"하천변 접근, 지하차도 통행, 저지대 이동","이동 자제, 높은 곳으로 이동, 가까운 대피소 확인","전라남도 곡성군 석곡면에 비가 많이 와서 침수 위험이 있습니다. 하천변 접근, 지하차도 통행, 저지대 이동은 위험할 수 있으니 피하는 것이 좋습니다. 이동 자제, 높은 곳으로 이동, 가까운 대피소 확인을 실천하고 가까운 대피소를 확인하세요."
259240,2026/06/08 10:00:08,경상남도 거제시 ,6. 9.(화) 10시부터 14시까지 투르 드 경남 국제 자전거대회 개최로 일부 구간(지세포항~망치삼거리~오망천삼거리~저구사거리~망치삼거리~거제제일고등학교) 차량 일시정차 통제 예정. 안전요원 안내에 협조 바랍니다.[거제시],안전안내,기타,False,기타/제외,경상남도 거제시,낮음,,,이 문자는 자연재난 관련 문자가 아니므로 대피소 추천 대상에서 제외됩니다.
259243,2026/06/08 13:44:39,경기도 김포시 ,금일 13시 30분 장기지하차도 강화방면 도로 통제 해제. 차량 운행 시 안전거리 확보 및 감속운전 등 안전운전에 유의 바랍니다.[김포시],안전안내,기타,True,호우/침수,경기도 김포시,높음,"하천변 접근, 지하차도 통행, 저지대 이동","이동 자제, 높은 곳으로 이동, 가까운 대피소 확인","경기도 김포시에 비가 많이 와서 침수 위험이 있습니다. 하천변 접근, 지하차도 통행, 저지대 이동은 위험할 수 있으니 피하는 것이 좋습니다. 이동 자제, 높은 곳으로 이동, 가까운 대피소 확인을 실천하고 가까운 대피소를 확인하세요."
259244,2026/06/08 13:46:24,강원특별자치도 속초시 ,"동해안에 너울성 파도가 계속 유입되어 연안사고가 지속 발생하고 있으니 방파제, 해안가, 갯바위 등 위험구역 접근을 자제하여 주시기 바랍니다. [속초시]",안전안내,풍랑,True,태풍,강원특별자치도 속초시,높음,"외출, 간판 주변 이동, 해안가 접근","실내 대기, 창문 주변 피하기, 안전한 장소 이동","강원특별자치도 속초시에 태풍 위험이 있습니다. 외출을 줄이고 간판, 가로수, 해안가 주변은 피하는 것이 좋습니다. 실내 대기, 창문 주변 피하기, 안전한 장소 이동을 실천하세요."
259241,2026/06/08 10:20:20,경기도 김포시 ,금일 장기지하차도 강화방면 사고로 인한 보수공사로 10:10 ~ 12:00까지 전면통제 중이오니 우회하시기 바랍니다.[김포시],안전안내,기타,True,호우/침수,경기도 김포시,높음,"하천변 접근, 지하차도 통행, 저지대 이동","이동 자제, 높은 곳으로 이동, 가까운 대피소 확인","경기도 김포시에 비가 많이 와서 침수 위험이 있습니다. 하천변 접근, 지하차도 통행, 저지대 이동은 위험할 수 있으니 피하는 것이 좋습니다. 이동 자제, 높은 곳으로 이동, 가까운 대피소 확인을 실천하고 가까운 대피소를 확인하세요."
259237,2026/06/08 08:14:01,경상남도 진주시 평거동,"수도관 파손에 따른 긴급복구공사로 금일 8:30~12:00 판문, 평거동 단수예정. 단수 전 필요한 물을 미리 받아두시기 바라며 혼탁수는 흘려보내 사용[진주시]",안전안내,기타,False,기타/제외,경상남도 진주시 평거동,낮음,,,이 문자는 자연재난 관련 문자가 아니므로 대피소 추천 대상에서 제외됩니다.
259238,2026/06/08 08:15:15,경상남도 진주시 판문동,"수도관 파손에 따른 긴급복구공사로 금일 8:30~12:00 판문, 평거동 단수예정. 단수 전 필요한 물을 미리 받아두시기 바라며 혼탁수는 흘려보내 사용[진주시]",안전안내,기타,False,기타/제외,경상남도 진주시 판문동,낮음,,,이 문자는 자연재난 관련 문자가 아니므로 대피소 추천 대상에서 제외됩니다.
259239,2026/06/08 08:59:46,경기도 김포시 ,"금일 08:50 장기지하차도 강화방면 교통사고 발생. 터널 내 조명파손으로 매우 어둡고, 차량정체가 심각하오니 우회하시기 바랍니다.[김포시]",안전안내,기타,True,호우/침수,경기도 김포시,높음,"하천변 접근, 지하차도 통행, 저지대 이동","이동 자제, 높은 곳으로 이동, 가까운 대피소 확인","경기도 김포시에 비가 많이 와서 침수 위험이 있습니다. 하천변 접근, 지하차도 통행, 저지대 이동은 위험할 수 있으니 피하는 것이 좋습니다. 이동 자제, 높은 곳으로 이동, 가까운 대피소 확인을 실천하고 가까운 대피소를 확인하세요."
259242,2026/06/08 11:53:14,경기도 김포시 ,장기지하차도 강화방면 사고로 인한 보수공사가 14:00까지 연장되었습니다. 장기지하차도 강화방면은 14:00까지 전면통제이므로 우회하시기 바랍니다.[김포시],안전안내,기타,True,호우/침수,경기도 김포시,높음,"하천변 접근, 지하차도 통행, 저지대 이동","이동 자제, 높은 곳으로 이동, 가까운 대피소 확인","경기도 김포시에 비가 많이 와서 침수 위험이 있습니다. 하천변 접근, 지하차도 통행, 저지대 이동은 위험할 수 있으니 피하는 것이 좋습니다. 이동 자제, 높은 곳으로 이동, 가까운 대피소 확인을 실천하고 가까운 대피소를 확인하세요."
259246,2026/06/08 16:10:40,전북특별자치도 정읍시 ,호남고속도로 정읍IC→내장산IC 방향 4km 지점(삼산동 719-2)에서 5중 추돌사고가 발생하여 1차로 통제 중입니다. 해당 구간 운행 시 감속운전 등 안전에 유의하시기 바랍니다. [정읍시],안전안내,기타,False,기타/제외,전북특별자치도 정읍시,낮음,,,이 문자는 자연재난 관련 문자가 아니므로 대피소 추천 대상에서 제외됩니다.
259245,2026/06/08 14:00:15,경상남도 사천시 ,"자전거대회 관련 교통통제 알림, 6. 11.(목) 9:30~13:00/우주항공청▶소산마을▶이동삼거리▶배춘삼거리▶탑리삼거리▶목단마을입구▶서포삼거리▶사천대교▶인성주유소▶봉현삼거리▶소산마을▶우주항공청[사천시]",안전안내,기타,False,기타/제외,경상남도 사천시,낮음,,,이 문자는 자연재난 관련 문자가 아니므로 대피소 추천 대상에서 제외됩니다.
259235,2026/06/08 03:08:40,경기도 파주시 파평면,"금일 01:10분, 파평면 눌노리 267-1 공장화재 발생으로 다량의 연기발생. 인근 주민께서는 창문을 닫고 연기흡입에 주의해 주시기 바랍니다. [파주시]",안전안내,화재,False,기타/제외,경기도 파주시 파평면,낮음,,,이 문자는 자연재난 관련 문자가 아니므로 대피소 추천 대상에서 제외됩니다.
259236,2026/06/08 06:30:16,"경기도 안산시 상록구 ,경기도 안산시 단원구 ","단원구 성곡동 727-11일원 공장화재로 많은 연기 발생, 시민들께서는 창문을 닫는 등 안전에 유의하시기 바랍니다. [안산시]",안전안내,화재,False,기타/제외,"경기도 안산시 상록구 ,경기도 안산시 단원구",낮음,,,이 문자는 자연재난 관련 문자가 아니므로 대피소 추천 대상에서 제외됩니다.
259234,2026/06/07 22:39:10,"경기도 안산시 상록구 ,경기도 안산시 단원구 ",금일 21:05경 단원구 성곡동 공장 화재로 다량의 연기가 발생하고 있습니다. 인근 주민께서는 창문을 닫고 연기 흡입에 주의하시기 바랍니다.[안산시],안전안내,화재,False,기타/제외,"경기도 안산시 상록구 ,경기도 안산시 단원구",낮음,,,이 문자는 자연재난 관련 문자가 아니므로 대피소 추천 대상에서 제외됩니다.
259230,2026/06/07 14:05:41,충청남도 천안시 동남구 광덕면,"물놀이 사고예방을 위해 충분한 준비운동, 구명조끼착용, 야간·음주 후 수영금지, 어린이는 반드시 보호자와 함께하기 등 안전수칙을 준수하시기 바랍니다.[천안시]",안전안내,기타,False,기타/제외,충청남도 천안시 동남구 광덕면,낮음,,,이 문자는 자연재난 관련 문자가 아니므로 대피소 추천 대상에서 제외됩니다.
259231,2026/06/07 14:05:57,충청남도 천안시 동남구 북면,"물놀이 사고예방을 위해 충분한 준비운동, 구명조끼착용, 야간·음주 후 수영금지, 어린이는 반드시 보호자와 함께하기 등 안전수칙을 준수 하시기 바랍니다.[천안시]",안전안내,기타,False,기타/제외,충청남도 천안시 동남구 북면,낮음,,,이 문자는 자연재난 관련 문자가 아니므로 대피소 추천 대상에서 제외됩니다.
259221,2026/06/07 02:18:27,전북특별자치도 정읍시 ,"6일 23시경 북면공단2길 발생 화재는 진화 완료되었으나, 화재 악취로 인해, 인근 주민들께서는 창문을 닫고 가급적 실내에 머물러 주시기 바랍니다. [정읍시]",안전안내,화재,False,기타/제외,전북특별자치도 정읍시,낮음,,,이 문자는 자연재난 관련 문자가 아니므로 대피소 추천 대상에서 제외됩니다.
259233,2026/06/07 21:43:35,경기도 안산시 단원구 ,"금일 21:05경 단원구 성곡동 공장 화재 발생. 인근 주민께서는 창문을 닫아 주시고, 차량은 화재현장 주변 도로는 우회하시기 바랍니다.[안산시]",안전안내,화재,False,기타/제외,경기도 안산시 단원구,낮음,,,이 문자는 자연재난 관련 문자가 아니므로 대피소 추천 대상에서 제외됩니다.
259229,2026/06/07 13:17:31,강원특별자치도 속초시 청호동,금일 13:30~15:00 청호로3길29(청호동성당)일대 상수관 파열로 단수 예정. 식수 확보 및 급수설비(커피머신 등) 사용 시 탁수 주의 바랍니다. [속초시],안전안내,수도,False,기타/제외,강원특별자치도 속초시 청호동,낮음,,,이 문자는 자연재난 관련 문자가 아니므로 대피소 추천 대상에서 제외됩니다.
259232,2026/06/07 17:41:25,"경상북도 포항시 남구 ,경상북도 포항시 북구 ","포항시 남구 오천읍 문덕 실종 치매노인을 찾습니다. 김경희(66세,여,155cm) 분홍꽃무늬 반팔·보라색 칠부바지·흑발·가슴명찰 착용. 발견시 112신고[경찰청]",안전안내,기타,False,기타/제외,"경상북도 포항시 남구 ,경상북도 포항시 북구",낮음,,,이 문자는 자연재난 관련 문자가 아니므로 대피소 추천 대상에서 제외됩니다.
259226,2026/06/07 10:07:03,경상남도 산청군 ,"일몰 후, 일출 전 산림 주변 영농부산물, 쓰레기 등 소각 행위를 절대 금지하며, 적발 시 과태료가 부과됩니다. [산청군]",안전안내,산불,False,기타/제외,경상남도 산청군,낮음,,,이 문자는 자연재난 관련 문자가 아니므로 대피소 추천 대상에서 제외됩니다.
259224,2026/06/07 09:29:36,경상북도 경주시 ,"여름철 물놀이 사고 예방을 위해 구명조끼 착용, 야간/음주 후 입수 금지, 어린이는 보호자 동반, 준비운동 등 안전수칙을 준수해주시기 바랍니다. [경주시]",안전안내,기타,False,기타/제외,경상북도 경주시,낮음,,,이 문자는 자연재난 관련 문자가 아니므로 대피소 추천 대상에서 제외됩니다.
259225,2026/06/07 09:37:56,강원특별자치도 양양군 ,"동해안 너울성파도로 여름철 수상안전사고 발생률이 매우 높습니다. 물놀이, 낚시, 수상레저 활동시 구명조끼 착용 등 안전수칙을 반드시 지켜주시기 바랍니다.[양양군]",안전안내,기타,False,기타/제외,강원특별자치도 양양군,낮음,,,이 문자는 자연재난 관련 문자가 아니므로 대피소 추천 대상에서 제외됩니다.
259222,2026/06/07 06:04:43,서울특별시 은평구 수색동,금일 04:22 차량이 전신주 추돌로 수색동 314-1일대 정전발생. 복구에 장시간(10시간 이상) 소요 예상. 콘센트를 뽑고 안전사고에 유의바랍니다. [은평구],안전안내,정전,False,기타/제외,서울특별시 은평구 수색동,낮음,,,이 문자는 자연재난 관련 문자가 아니므로 대피소 추천 대상에서 제외됩니다.
259223,2026/06/07 09:10:22,"경상북도 포항시 남구 ,경상북도 포항시 북구 ","현재 너울성 파도가 계속 유입되어 위험하오니, 방파제, 해안가, 갯바위 등 위험구역 접근을 자제하여 주시기 바랍니다. [포항시]",안전안내,풍랑,True,태풍,"경상북도 포항시 남구 ,경상북도 포항시 북구",높음,"외출, 간판 주변 이동, 해안가 접근","실내 대기, 창문 주변 피하기, 안전한 장소 이동","경상북도 포항시 남구 ,경상북도 포항시 북구에 태풍 위험이 있습니다. 외출을 줄이고 간판, 가로수, 해안가 주변은 피하는 것이 좋습니다. 실내 대기, 창문 주변 피하기, 안전한 장소 이동을 실천하세요."
259204,2026/06/06 09:00:04,부산광역시  ,"오늘 오전 10시, 현충일 추모식 개최에 따라, 추모 사이렌·예포 발사 등 소음이 발생할 수 있으니, 시민께서는 안전(놀람 등)에 유의 바랍니다. [부산시]",안전안내,기타,False,기타/제외,부산광역시,낮음,,,이 문자는 자연재난 관련 문자가 아니므로 대피소 추천 대상에서 제외됩니다.
259205,2026/06/06 09:00:14,경상북도 구미시 ,"6월 6일 오전 10시, 현충일 묵념 사이렌이 울립니다. 민방위 경보가 아니니 놀라지 마시고 나라를 위해 희생하신 분들을 기리는 묵념에 동참해 주십시오.[구미시]",안전안내,기타,False,기타/제외,경상북도 구미시,낮음,,,이 문자는 자연재난 관련 문자가 아니므로 대피소 추천 대상에서 제외됩니다.
259206,2026/06/06 10:00:48,경상남도 산청군 ,"작은 불씨가 큰 산불로 커질 수 있습니다. 영농부산물 및 쓰레기 불법소각 금지, 실수로 산불을 내더라도 3년 이하의 징역형에 처해질 수 있습니다.  [산청군]",안전안내,산불,False,기타/제외,경상남도 산청군,낮음,,,이 문자는 자연재난 관련 문자가 아니므로 대피소 추천 대상에서 제외됩니다.
259209,2026/06/06 11:39:15,경기도 남양주시 ,26.6.6.(토) 11:12경 일패동 657-1 창고 화재 발생. 다량의 연기가 발생하여 인근 주민께서는 안전에 유의하시기 바랍니다. [남양주시],안전안내,화재,False,기타/제외,경기도 남양주시,낮음,,,이 문자는 자연재난 관련 문자가 아니므로 대피소 추천 대상에서 제외됩니다.
259211,2026/06/06 13:14:26,경상북도 경주시 ,"현재 너울성 파도가 계속 유입되어 위험하오니, 방파제, 해안가, 갯바위 등 위험구역 접근을 자제하여 주시기 바랍니다. [경주시]",안전안내,풍랑,True,태풍,경상북도 경주시,높음,"외출, 간판 주변 이동, 해안가 접근","실내 대기, 창문 주변 피하기, 안전한 장소 이동","경상북도 경주시에 태풍 위험이 있습니다. 외출을 줄이고 간판, 가로수, 해안가 주변은 피하는 것이 좋습니다. 실내 대기, 창문 주변 피하기, 안전한 장소 이동을 실천하세요."
259217,2026/06/06 16:17:25,경상북도 경주시 ,"물놀이 사고 예방을 위해 구명조끼 착용, 야간/음주 후 입수 금지, 어린이는 보호자 동반, 준비운동 등 안전수칙 준수 바랍니다. [경주시]",안전안내,기타,False,기타/제외,경상북도 경주시,낮음,,,이 문자는 자연재난 관련 문자가 아니므로 대피소 추천 대상에서 제외됩니다.
259215,2026/06/06 14:41:57,경상남도 거제시 ,거제 전 해역 높은 너울성 파도 위험. 불시에 높은 물결이 백사장과 방파제를 넘을 수 있으니 해안가 산책 및 접근을 자제 바랍니다.[거제시],안전안내,풍랑,True,태풍,경상남도 거제시,높음,"외출, 간판 주변 이동, 해안가 접근","실내 대기, 창문 주변 피하기, 안전한 장소 이동","경상남도 거제시에 태풍 위험이 있습니다. 외출을 줄이고 간판, 가로수, 해안가 주변은 피하는 것이 좋습니다. 실내 대기, 창문 주변 피하기, 안전한 장소 이동을 실천하세요."
259218,2026/06/06 17:12:32,"경상북도 포항시 남구 ,경상북도 포항시 북구 ","물놀이 사고 예방을 위해 구명조끼 착용, 야간/음주 후 입수 금지, 어린이는 보호자 동반, 준비운동 등 안전수칙 준수 바랍니다. [포항시]",안전안내,기타,False,기타/제외,"경상북도 포항시 남구 ,경상북도 포항시 북구",낮음,,,이 문자는 자연재난 관련 문자가 아니므로 대피소 추천 대상에서 제외됩니다.
259213,2026/06/06 13:47:19,경상북도 울진군 ,"현재 너울성 파도가 계속 유입되어 위험하오니, 방파제, 해안가, 갯바위 등 위험구역 접근을 자제하여 주시기 바랍니다. [울진군]",안전안내,기타,True,태풍,경상북도 울진군,높음,"외출, 간판 주변 이동, 해안가 접근","실내 대기, 창문 주변 피하기, 안전한 장소 이동","경상북도 울진군에 태풍 위험이 있습니다. 외출을 줄이고 간판, 가로수, 해안가 주변은 피하는 것이 좋습니다. 실내 대기, 창문 주변 피하기, 안전한 장소 이동을 실천하세요."
259219,2026/06/06 17:47:35,강원특별자치도 양양군 ,"물놀이 사고 예방을 위해 구명조끼 착용, 야간/음주 후 입수 금지, 어린이는 보호자 동반, 준비운동 등 안전수칙 준수 바랍니다.[양양군]",안전안내,기타,False,기타/제외,강원특별자치도 양양군,낮음,,,이 문자는 자연재난 관련 문자가 아니므로 대피소 추천 대상에서 제외됩니다.
259214,2026/06/06 13:56:01,"경상북도 포항시 남구 ,경상북도 포항시 북구 ","현재 너울성 파도가 계속 유입되어 위험하오니, 방파제, 해안가, 갯바위 등 위험구역 접근을 자제하여 주시기 바랍니다. [포항시]",안전안내,풍랑,True,태풍,"경상북도 포항시 남구 ,경상북도 포항시 북구",높음,"외출, 간판 주변 이동, 해안가 접근","실내 대기, 창문 주변 피하기, 안전한 장소 이동","경상북도 포항시 남구 ,경상북도 포항시 북구에 태풍 위험이 있습니다. 외출을 줄이고 간판, 가로수, 해안가 주변은 피하는 것이 좋습니다. 실내 대기, 창문 주변 피하기, 안전한 장소 이동을 실천하세요."
259203,2026/06/06 07:05:50,충청남도 금산군 ,"6월 5일 발생한 동편리 화재 잔불 진화 작업 중. 많은 연기가 발생되고 있으니 인근 주민께서는 창문 닫기, 마스크 착용 등 주의하여 주시기 바랍니다. [금산군]",안전안내,산불,False,기타/제외,충청남도 금산군,낮음,,,이 문자는 자연재난 관련 문자가 아니므로 대피소 추천 대상에서 제외됩니다.
259212,2026/06/06 13:37:20,강원특별자치도 양양군 ,"현재 동해안에 너울성 파도가 계속 유입되어 위험하오니, 방파제, 해안가, 갯바위 등 위험구역 접근을 자제하여 주시기 바랍니다.[양양군]",안전안내,기타,True,태풍,강원특별자치도 양양군,높음,"외출, 간판 주변 이동, 해안가 접근","실내 대기, 창문 주변 피하기, 안전한 장소 이동","강원특별자치도 양양군에 태풍 위험이 있습니다. 외출을 줄이고 간판, 가로수, 해안가 주변은 피하는 것이 좋습니다. 실내 대기, 창문 주변 피하기, 안전한 장소 이동을 실천하세요."
259207,2026/06/06 10:30:27,제주특별자치도  ,"오늘 오후부터 모레까지 높은 물결로 갯바위, 방파제, 백사장 등에 파도 넘침이 예상되오니 해안가 및 위험지역 출입 자제 등 안전사고에 유의 바랍니다.[제주도]",안전안내,풍랑,True,태풍,제주특별자치도,높음,"외출, 간판 주변 이동, 해안가 접근","실내 대기, 창문 주변 피하기, 안전한 장소 이동","제주특별자치도에 태풍 위험이 있습니다. 외출을 줄이고 간판, 가로수, 해안가 주변은 피하는 것이 좋습니다. 실내 대기, 창문 주변 피하기, 안전한 장소 이동을 실천하세요."
259210,2026/06/06 11:40:47,강원특별자치도 삼척시 ,"현재 동해안에 너울성 물결이 있으므로 방파제,갯바위,해수욕장 등 해안가 접근을 삼가하여 주시기 바라며 안전사고에 유의하여 주시기 바랍니다.[삼척시]",안전안내,기타,True,태풍,강원특별자치도 삼척시,높음,"외출, 간판 주변 이동, 해안가 접근","실내 대기, 창문 주변 피하기, 안전한 장소 이동","강원특별자치도 삼척시에 태풍 위험이 있습니다. 외출을 줄이고 간판, 가로수, 해안가 주변은 피하는 것이 좋습니다. 실내 대기, 창문 주변 피하기, 안전한 장소 이동을 실천하세요."
259216,2026/06/06 16:00:09,"서울특별시 강남구 ,서울특별시 광진구 ,서울특별시 노원구 ,서울특별시 동대문구 ,서울특별시 성동구 ,서울특별시 성북구 ,서울특별시 송파구 ,서울특별시 중랑구 ",오늘 16:40~17:10경 현충일 관련 행사 비행으로 비행기 소음이 발생될 수 있습니다.[서울특별시],안전안내,기타,False,기타/제외,"서울특별시 강남구 ,서울특별시 광진구 ,서울특별시 노원구 ,서울특별시 동대문구 ,서울특별시 성동구 ,서울특별시 성북구 ,서울특별시 송파구 ,서울특별시 중랑구",낮음,,,이 문자는 자연재난 관련 문자가 아니므로 대피소 추천 대상에서 제외됩니다.
259208,2026/06/06 11:02:50,강원특별자치도 동해시 ,"금일 동해안 강한 너울로 백사장, 갯바위, 방파제, 해안도로 등 파도 넘침이 예상되니, 해안가 접근을 자제하여 주시기 바랍니다.[동해시]",안전안내,기타,True,태풍,강원특별자치도 동해시,높음,"외출, 간판 주변 이동, 해안가 접근","실내 대기, 창문 주변 피하기, 안전한 장소 이동","강원특별자치도 동해시에 태풍 위험이 있습니다. 외출을 줄이고 간판, 가로수, 해안가 주변은 피하는 것이 좋습니다. 실내 대기, 창문 주변 피하기, 안전한 장소 이동을 실천하세요."
259220,2026/06/06 18:02:04,충청북도 단양군 대강면,오늘 17:27 단양군 대강면 두음리 산74 산불 발생. 입산 자제와 인근 주민과 등산객은 안전사고에 주의하세요. [단양군],안전안내,산불,False,기타/제외,충청북도 단양군 대강면,낮음,,,이 문자는 자연재난 관련 문자가 아니므로 대피소 추천 대상에서 제외됩니다.
259200,2026/06/05 09:11:57,충청남도 금산군 군북면,"금일 새벽에 발생한 동편리 194 화재 진화 작업 중. 생활폐기물 연소로 많은 연기 발생되고 있으니 인근 주민께서는 마스크 착용,외출자제를 부탁드립니다.[금산군]",안전안내,화재,False,기타/제외,충청남도 금산군 군북면,낮음,,,이 문자는 자연재난 관련 문자가 아니므로 대피소 추천 대상에서 제외됩니다.
259199,2026/06/05 09:00:13,"서울특별시 강남구 ,서울특별시 송파구 ","오늘 10:00~11:00경 현충일 관련 행사 비행(훈련)으로 강남구, 송파구 일대 비행기 소음이 발생될 수 있습니다. [서울특별시]",안전안내,기타,False,기타/제외,"서울특별시 강남구 ,서울특별시 송파구",낮음,,,이 문자는 자연재난 관련 문자가 아니므로 대피소 추천 대상에서 제외됩니다.
259201,2026/06/05 10:00:57,경상남도 산청군 ,"일몰 후, 일출 전 산림 주변 영농부산물, 쓰레기 등 소각 행위를 절대 금지하며, 적발 시 과태료가 부과됩니다. [산청군]",안전안내,산불,False,기타/제외,경상남도 산청군,낮음,,,이 문자는 자연재난 관련 문자가 아니므로 대피소 추천 대상에서 제외됩니다.
259202,2026/06/05 20:36:27,경상남도 창원시 마산합포구 진전면,"금일 20시30분경 진전면 일대에 정전이 발생되어 원인파악 중이니,  안전사고 발생에 유의하시기 바랍니다. [창원시]",안전안내,기타,False,기타/제외,경상남도 창원시 마산합포구 진전면,낮음,,,이 문자는 자연재난 관련 문자가 아니므로 대피소 추천 대상에서 제외됩니다.
259198,2026/06/05 03:34:11,충청남도 금산군 군북면,"금일01:03경 발생한 동편리 194 화재 진화 작업 중. 생활폐기물 연소로 인한 많은 연기 발생 및 진화 지연되고 있으니 인근 주민께서는 창문닫기, 외출자제 등 주의하여 주시기 바랍니다.[금산군]",안전안내,화재,False,기타/제외,충청남도 금산군 군북면,낮음,,,이 문자는 자연재난 관련 문자가 아니므로 대피소 추천 대상에서 제외됩니다.
259189,2026/06/04 10:37:43,부산광역시  ,"도시철도 4호선 차량 고장 조치 완료, 10시 25분부터 운행 재개 [부산시]",안전안내,기타,False,기타/제외,부산광역시,낮음,,,이 문자는 자연재난 관련 문자가 아니므로 대피소 추천 대상에서 제외됩니다.
259192,2026/06/04 19:42:05,경기도 의왕시 삼동,"오늘 18:43 교동 부곡2동 부곡3동 정전 및 단수, 신속 복구중으로 해당지역 주민은 손전등을 사용하는 등 안전사고에 유의하세요. [의왕시]",안전안내,정전,False,기타/제외,경기도 의왕시 삼동,낮음,,,이 문자는 자연재난 관련 문자가 아니므로 대피소 추천 대상에서 제외됩니다.
259188,2026/06/04 10:06:47,부산광역시  ,"오늘 09시 45분경 도시철도 차량 고장으로 도시철도 4호선 전구간 운행을 정지하오니, 시민 여러분께서는 시내버스 등 다른 대중교통을 이용하시기 바랍니다[부산시]",안전안내,기타,False,기타/제외,부산광역시,낮음,,,이 문자는 자연재난 관련 문자가 아니므로 대피소 추천 대상에서 제외됩니다.
259197,2026/06/04 21:22:09,경기도 의왕시 이동,"오늘 부곡동(교동,이동,삼동) 정전 및 단수는 복구 완료되었음을 알려드립니다 [의왕시]",안전안내,기타,False,기타/제외,경기도 의왕시 이동,낮음,,,이 문자는 자연재난 관련 문자가 아니므로 대피소 추천 대상에서 제외됩니다.
259190,2026/06/04 15:10:09,경기도 김포시 ,"금일 14:46 양촌읍 대명항로 26, 차량 전도 사고발생. 양곡우회도로 신사거리에서 오니산교차로 방면 차량정체가 심각하오니 우회하여 주시기 바랍니다.[김포시]",안전안내,기타,False,기타/제외,경기도 김포시,낮음,,,이 문자는 자연재난 관련 문자가 아니므로 대피소 추천 대상에서 제외됩니다.
259196,2026/06/04 21:15:55,경기도 의왕시 삼동,"오늘 부곡동(교동,이동,삼동) 정전 및 단수는 복구 완료되었음을 알려드립니다 [의왕시]",안전안내,기타,False,기타/제외,경기도 의왕시 삼동,낮음,,,이 문자는 자연재난 관련 문자가 아니므로 대피소 추천 대상에서 제외됩니다.
259187,2026/06/04 03:47:32,전북특별자치도 군산시 오식도동,"02:41 오식도동 850-8 공장화재로 재가 많이 날리고 연기가 발생하고 있으니, 인근 주민들께서는 창문을 닫아 주시고 차량들은 우회하시기 바랍니다 [군산시]",안전안내,화재,False,기타/제외,전북특별자치도 군산시 오식도동,낮음,,,이 문자는 자연재난 관련 문자가 아니므로 대피소 추천 대상에서 제외됩니다.
259191,2026/06/04 19:00:13,서울특별시 종로구 ,통일로18길(인왕산아이파크1차~2차 사이)나무 전도 사고 발생으로 양방향 통제 중. 인근 이용자들은 우회바랍니다 [종로구],안전안내,기타,False,기타/제외,서울특별시 종로구,낮음,,,이 문자는 자연재난 관련 문자가 아니므로 대피소 추천 대상에서 제외됩니다.
259193,2026/06/04 19:43:56,전북특별자치도 군산시 ,"금일02:41경 발생된 오식도동 화재 진화 중 바람의 영향으로 도심지역에 연기 및 냄새가 유입되고 있으니, 창문을 닫고 외출을 자제하여 주시기 바랍니다.[군산시]",안전안내,화재,False,기타/제외,전북특별자치도 군산시,낮음,,,이 문자는 자연재난 관련 문자가 아니므로 대피소 추천 대상에서 제외됩니다.
259194,2026/06/04 19:45:16,대구광역시 남구 ,(남구) 6월 4일 19시 30분경 고산골 맨발산책길 인근 야생멧돼지가 출몰하였으니 인근 주민들은 안전에 유의하시기 바랍니다(664-2222) [남구청],안전안내,기타,False,기타/제외,대구광역시 남구,낮음,,,이 문자는 자연재난 관련 문자가 아니므로 대피소 추천 대상에서 제외됩니다.
259195,2026/06/04 19:47:27,경기도 의왕시 이동,"오늘 18:43 교동 부곡2동 부곡3동 정전 및 단수, 신속 복구중으로 해당지역 주민은 손전등을 사용하는 등 안전사고에 유의하세요. [의왕시]",안전안내,기타,False,기타/제외,경기도 의왕시 이동,낮음,,,이 문자는 자연재난 관련 문자가 아니므로 대피소 추천 대상에서 제외됩니다.
